id;description;create_date;last_update_date
1;strategic Plastic New York;2020-10-17T16:15:25;2020-10-18T05:29:23
2;maximize Home;2020-10-17T13:44:10;2020-10-17T19:04:57
3;copy wireless;2020-10-17T20:41:26;2020-10-17T18:58:58
4;calculating generate;2020-10-18T05:19:13;2020-10-17T17:39:18
5;wireless Computer Personal Loan Account;2020-10-17T21:39:59;2020-10-18T04:48:25
6;Profit-focused connecting Spain;2020-10-17T12:58:19;2020-10-17T12:02:57
7;next generation;2020-10-17T07:29:05;2020-10-18T00:02:57
8;Steel heuristic;2020-10-17T18:33:50;2020-10-18T03:49:03
9;PNG platforms;2020-10-17T20:51:10;2020-10-17T22:51:58
10;Bedfordshire;2020-10-17T14:15:10;2020-10-17T16:07:45
